Protein,SD,I,V,L,F,C,M,A,G,T,S,W,Y,P,H,E,Q,D,N,K,R
15C8_1,L,0,0,2,0,0,0,0,1,0,0,0,3,2,0,1,2,1,0,1,0
1A3L_1,L,0,0,1,2,0,0,0,2,0,0,1,1,2,0,0,2,0,1,1,0
1A4J_1,L,0,0,2,2,0,0,2,3,0,0,0,0,2,0,0,1,1,0,0,0
1A6T_1,L,0,0,1,0,0,0,0,2,0,0,0,3,3,0,0,2,0,1,1,0
1A6U_1,L,0,0,1,2,0,0,0,2,0,0,1,1,1,0,1,1,1,1,1,0
1AD0_1,L,0,0,1,0,0,0,0,2,0,3,0,3,2,0,0,2,0,0,0,0
1AD9_1,H,0,0,2,1,0,0,0,2,0,0,0,2,2,0,0,2,0,1,1,0
1AIF_1,L,0,0,1,0,0,0,1,0,0,2,1,2,2,0,2,2,0,0,0,0
1AJ7_1,L,1,0,1,0,0,0,0,0,0,0,0,3,1,0,1,2,2,0,1,1
1AP2_1,L,0,0,2,1,0,0,2,1,0,0,0,2,2,0,1,1,0,0,1,0
1AXS_1,L,0,0,1,0,0,0,0,2,1,0,1,2,2,0,0,2,0,1,1,0
1AXT_1,L,0,0,2,1,0,0,1,1,0,2,1,1,1,0,1,2,0,0,0,0
1BBJ_1,L,0,0,2,1,0,0,1,1,0,0,0,1,1,0,1,3,0,1,1,0
1BFO_1,L,0,0,2,1,0,0,0,2,0,1,0,2,2,0,0,2,0,1,0,0
1BFV_1,L,0,0,2,1,0,0,0,1,1,0,0,2,3,0,1,2,0,0,0,0
1BLN_1,L,0,0,2,0,0,0,0,1,1,1,0,2,3,0,1,2,0,0,0,0
1C5B_1,L,1,0,1,0,0,0,0,1,0,0,1,2,1,0,0,2,1,1,1,1
1C5D_1,L,0,0,1,1,0,0,1,3,0,0,0,1,3,0,0,2,0,1,0,0
1CF8_1,L,0,1,1,1,0,0,1,2,0,1,0,1,2,0,0,2,0,1,0,0
1CGS_1,L,0,0,2,1,0,0,0,2,0,0,1,1,2,0,0,2,0,0,1,1
1CLY_1,L,0,0,2,0,0,0,0,1,1,0,0,3,3,0,1,2,0,0,0,0
1CT8_1,L,0,0,2,1,0,0,0,1,0,1,0,2,1,2,0,2,0,1,0,0
1D5B_1,L,0,0,1,0,0,0,0,2,1,0,1,2,2,0,0,2,0,1,1,0
1D5I_1,L,0,0,1,0,0,0,0,2,1,0,1,2,2,0,0,2,0,1,1,0
1DBA_1,L,0,1,2,2,0,0,1,3,0,0,0,0,2,0,0,1,1,0,0,0
1DEE_1,L,0,0,2,0,0,0,1,3,0,1,0,2,2,0,0,2,0,0,0,0
1DLF_1,L,0,0,2,1,0,0,1,1,0,1,1,1,2,0,1,2,0,0,0,0
1DN0_1,L,0,0,2,0,0,0,0,2,0,1,0,3,2,0,0,2,0,1,0,0
1ETZ_1,L,0,0,1,2,0,0,0,3,0,1,0,0,1,1,1,1,1,1,0,0
1F11_1,L,0,0,2,0,0,0,0,2,0,0,0,3,2,0,0,2,0,1,1,0
1F3D_1,L,0,0,2,0,0,0,0,2,0,0,0,2,2,0,0,2,0,2,1,0
1F4W_1,L,0,0,1,2,0,0,0,1,1,0,0,1,2,0,2,0,2,0,0,1
1FAI_1,L,0,1,2,2,0,0,0,2,0,0,0,0,1,0,0,2,1,1,1,0
1FL3_1,L,1,0,2,0,0,0,0,1,0,1,0,2,3,0,1,2,0,0,0,0
1FL5_1,L,0,0,2,0,0,0,0,2,0,2,0,3,2,0,0,2,0,0,0,0
1FN4_1,H,0,0,2,1,0,0,1,2,0,1,0,1,3,0,0,1,0,1,0,0
1FVD_1,L,0,0,2,0,0,0,1,2,0,1,0,3,2,0,0,2,0,0,0,0
1FVE_1,L,0,0,2,0,0,0,1,2,0,1,0,3,2,0,0,2,0,0,0,0
1GAF_1,L,1,0,1,0,0,0,0,0,0,0,0,3,1,0,0,2,2,0,2,1
1GGB_1,L,0,0,2,0,0,0,0,3,0,1,0,2,2,0,0,2,0,1,0,0
1GPO_1,L,0,0,2,2,0,0,0,1,0,2,0,1,1,1,0,2,0,1,0,0
1HEZ_1,L,0,0,2,0,0,0,1,3,0,1,0,2,2,0,0,2,0,0,0,0
1I7Z_1,L,0,0,2,1,0,0,1,3,0,0,0,1,2,0,0,2,1,0,0,0
1I9I_1,L,0,0,2,0,0,0,1,1,0,2,0,2,2,0,0,2,1,0,0,0
1IGI_1,L,0,0,2,1,0,0,1,2,0,0,0,2,1,1,0,1,0,1,1,0
1IGT_1,L,0,0,2,0,0,0,0,1,1,0,0,3,3,0,1,2,0,0,0,0
1IGY_1,L,0,0,2,0,0,0,0,1,1,0,0,1,2,1,1,2,0,1,0,1
1IND_1,L,0,0,1,3,0,0,0,1,1,2,0,0,1,1,2,0,1,0,0,0
1J05_1,L,0,1,2,0,0,0,0,1,0,0,0,3,2,0,1,2,0,0,1,0
1JGU_1,L,0,0,3,1,0,0,2,1,0,1,0,1,2,0,1,1,0,0,0,0
1JN6_1,L,1,0,1,1,0,0,0,2,1,1,1,0,1,0,1,1,1,0,1,0
1JNL_1,L,0,0,2,0,0,0,0,1,0,0,0,3,1,0,1,3,1,0,0,1
1KEL_1,L,0,0,2,0,0,0,0,2,0,3,0,3,1,0,0,2,0,0,0,0
1KFA_1,L,0,0,2,1,0,0,1,1,0,1,0,1,3,0,1,2,0,0,0,0
1KN2_1,L,0,0,1,1,0,0,0,2,0,0,1,1,2,0,0,2,0,1,1,1
1KNO_1,L,1,0,1,0,0,0,1,1,1,0,0,2,1,0,1,2,1,0,0,1
1L7T_1,L,0,0,2,0,0,0,1,1,0,2,0,2,2,0,0,2,1,0,0,0
1LO0_1,L,0,0,2,0,0,0,0,2,0,1,0,1,3,1,1,2,0,0,0,0
1MCP_1,L,0,0,2,0,0,0,1,2,0,2,0,3,2,0,0,1,0,0,0,0
1MFB_1,L,0,0,1,2,0,0,0,2,0,0,1,1,1,0,1,1,1,1,1,0
1MH5_1,L,0,0,2,0,0,0,0,2,0,0,1,2,2,0,0,2,0,1,1,0
1MJJ_1,L,0,0,2,0,0,0,0,2,0,0,1,2,2,0,0,2,0,1,1,0
1MRD_1,L,0,0,2,1,0,0,0,2,0,0,1,1,2,0,0,2,0,1,1,0
1NC2_1,L,0,0,1,2,0,0,1,3,1,0,0,1,1,0,1,1,1,0,0,0
1NCW_1,L,0,0,1,0,0,0,1,2,0,1,0,2,2,0,0,2,0,1,0,1
1NGP_1,L,0,0,1,2,0,0,0,2,0,0,1,1,1,0,1,1,1,1,1,0
1NGW_1,L,0,0,2,1,0,0,1,2,0,0,1,1,2,0,0,1,0,1,1,0
1NJ9_1,L,0,0,1,2,0,0,0,2,0,0,0,1,1,0,1,1,1,2,1,0
1OAX_1,H,0,0,1,2,0,0,0,2,0,0,1,1,1,0,1,1,0,1,1,1
1OCW_1,H,0,0,1,2,0,0,0,2,0,0,1,1,1,0,1,1,1,1,1,0
1Q0X_1,L,0,0,1,2,0,0,0,2,0,0,1,1,1,0,1,1,1,1,1,0
1Q72_1,L,0,0,2,0,0,0,0,2,1,1,1,2,2,0,0,2,0,0,0,0
1Q9K_1,L,0,0,2,0,0,0,0,2,0,2,0,3,2,0,0,2,0,0,0,0
1Q9O_1,L,0,0,2,0,0,0,0,2,0,2,0,3,2,0,0,2,0,0,0,0
1R24_1,L,0,0,3,1,0,0,1,1,1,0,0,1,1,0,1,2,1,0,0,0
1RZG_1,L,0,0,2,0,0,0,2,2,0,0,0,2,2,0,0,1,0,0,0,2
1RZI_1,L,0,0,2,1,0,0,2,2,0,0,0,1,2,0,0,2,0,0,1,0
1S3K_1,L,0,0,2,1,0,0,0,2,1,0,0,2,3,0,0,2,0,0,0,0
1T04_1,L,0,0,2,0,0,0,0,2,0,0,1,2,2,0,0,2,1,1,0,0
1T4K_1,L,0,0,1,0,0,0,2,3,0,0,0,2,2,0,0,2,0,0,1,0
1T66_1,L,0,0,2,1,0,0,0,1,0,2,1,1,2,0,1,2,0,0,0,0
1UB5_1,L,1,0,2,0,0,0,0,1,0,1,0,2,3,0,1,2,0,0,0,0
1UWG_1,L,0,0,1,1,0,0,0,2,1,0,0,1,3,0,0,1,0,2,1,0
1UYW_1,L,0,0,2,1,0,0,1,1,1,1,0,0,2,1,1,1,0,1,0,0
1UZ6_1,L,0,0,2,0,0,0,0,2,1,1,1,2,2,0,0,2,0,0,0,0
1WC7_1,L,0,0,2,0,0,0,0,2,0,2,0,3,2,0,0,2,0,0,0,0
1Y0L_1,L,0,0,1,2,0,1,0,2,0,1,1,1,1,0,1,1,1,0,0,0
1YEC_1,L,0,0,1,1,0,0,0,2,0,0,1,1,2,0,0,2,0,1,1,1
1YED_1,L,0,0,1,1,0,0,0,2,0,0,1,1,2,0,0,2,0,1,1,1
1YUH_1,L,0,0,2,2,0,0,0,2,0,0,0,1,1,0,1,1,1,1,1,0
1ZA6_1,L,0,0,2,1,0,0,1,2,0,0,0,1,2,0,0,2,0,1,0,1
1ZVO_1,L,0,0,2,0,0,0,0,2,0,1,0,3,2,0,0,2,0,1,0,0
2A1W_1,L,0,0,2,1,0,0,1,2,0,1,0,1,3,0,1,1,0,0,0,0
2A9M_1,L,0,0,2,0,0,0,1,2,0,2,0,2,2,0,0,2,0,0,0,0
2A9N_1,L,0,0,2,0,0,0,1,2,0,2,0,2,2,0,0,2,0,0,0,0
2ADG_1,L,0,0,1,1,0,0,0,2,0,0,0,2,3,0,0,2,1,1,0,0
2AJ3_1,L,0,0,3,0,0,0,0,2,0,1,0,3,2,0,0,0,0,1,0,1
2AJS_1,L,0,0,2,0,0,0,1,2,0,1,0,2,2,0,0,2,0,1,0,0
2C1O_1,L,0,0,1,0,0,0,0,2,0,0,1,2,2,0,0,2,0,1,1,1
2DQT_1,L,0,0,3,1,0,0,2,1,0,1,0,1,2,0,1,1,0,0,0,0
2FB4_1,L,0,0,2,1,0,0,2,2,0,1,0,1,2,0,0,2,0,0,0,0
2FL5_1,L,0,0,2,0,0,0,0,2,0,3,0,3,1,0,1,1,0,0,0,0
2G2R_1,L,0,0,1,1,0,0,0,2,0,0,0,2,2,1,0,1,0,1,1,1
2GFB_1,L,1,0,1,0,0,0,1,1,1,0,0,2,1,0,1,2,1,0,0,1
2GJZ_1,L,0,0,2,0,0,0,1,3,0,0,0,2,2,0,0,2,0,1,0,0
2GSG_1,L,1,0,2,0,0,0,0,0,1,0,0,3,3,0,1,2,0,0,0,0
2IQA_1,L,0,0,2,0,0,0,0,3,0,1,0,2,2,0,0,2,0,1,0,0
2NTF_1,L,0,0,1,3,0,0,0,2,0,0,1,0,1,0,1,1,2,0,1,0
2O5X_1,L,0,0,1,3,0,0,1,3,0,0,0,0,2,0,0,2,1,0,0,0
2Q76_1,L,0,0,2,1,0,0,0,1,0,1,1,1,1,1,0,2,0,1,1,0
2RCJ_1,H,0,0,2,1,0,0,2,2,0,1,0,1,2,0,0,2,0,0,0,0
2UUD_1,L,0,0,2,0,0,0,0,2,0,2,0,3,2,0,0,2,0,0,0,0
2UYL_1,L,0,0,2,0,0,0,0,2,0,0,1,2,2,0,0,2,0,1,1,0
2V7H_1,L,1,1,1,1,0,0,0,1,0,0,1,1,1,0,0,2,1,1,1,0
2V7N_1,L,0,0,2,0,0,0,2,2,0,1,0,2,2,0,0,2,0,0,0,0
2VQ1_1,L,0,0,2,1,0,0,1,2,0,1,0,1,2,0,0,2,0,1,0,0
2XA8_1,L,0,0,2,0,0,0,0,2,0,2,0,2,2,0,0,2,0,1,0,0
2XKN_1,L,0,1,2,1,0,0,1,0,0,1,0,1,2,0,1,2,1,0,0,0
2XZA_1,L,0,0,2,0,0,0,0,2,0,1,0,3,2,0,0,2,0,1,0,0
2YK1_1,L,1,0,2,0,0,0,0,2,0,1,0,2,2,0,0,2,0,1,0,0
2Z91_1,L,0,0,1,0,0,0,0,2,0,2,0,2,1,0,0,2,0,2,0,1
3AAZ_1,L,0,0,2,0,0,0,0,3,0,1,0,2,2,0,0,2,0,1,0,0
3CFD_1,L,0,1,2,1,0,0,1,1,0,1,0,1,1,0,0,2,1,1,0,0
3CMO_1,L,0,1,2,0,0,0,0,1,0,0,1,2,1,0,0,2,1,1,1,0
3DGG_1,L,0,1,2,0,0,0,0,2,0,0,0,2,2,0,0,2,0,1,1,0
3DIF_1,L,0,0,2,1,0,0,0,2,0,0,0,2,2,0,0,2,0,1,1,0
3DUS_1,L,0,0,2,0,0,0,0,2,0,2,0,3,2,0,0,2,0,0,0,0
3FO1_1,L,0,0,2,0,0,0,1,3,0,0,0,2,2,0,0,2,0,1,0,0
3FO2_1,L,0,0,2,0,0,0,1,3,0,0,0,2,2,0,0,2,0,1,0,0
3FZU_1,L,0,0,2,0,0,0,1,2,0,1,0,3,2,0,0,2,0,0,0,0
3G5X_1,L,0,0,1,1,0,0,1,3,0,1,0,2,1,0,0,2,0,1,0,0
3GK8_1,L,0,0,2,1,0,0,0,1,0,0,0,1,2,0,1,2,1,1,1,0
3HC0_1,L,0,0,1,1,0,0,0,2,0,1,0,2,2,0,0,2,0,1,1,0
3HNS_1,L,0,1,2,1,0,0,0,1,0,0,1,1,1,0,0,2,1,0,2,0
3HZK_1,L,0,0,2,0,0,0,0,2,0,2,0,3,2,0,0,2,0,0,0,0
3I02_1,L,0,0,2,0,0,0,0,2,0,2,0,3,2,0,0,2,0,0,0,0
3IF1_1,L,0,0,2,1,0,0,1,1,0,1,1,1,2,0,1,2,0,0,0,0
3IJH_1,L,0,0,2,0,0,0,0,2,0,2,0,3,2,0,0,2,0,0,0,0
3INU_1,L,0,0,2,0,0,0,1,2,0,1,0,2,2,0,0,2,0,0,0,1
3IXX_1,L,1,0,1,0,0,0,1,2,0,3,0,3,1,0,0,1,0,0,0,0
3J2X_1,L,0,0,2,1,0,0,0,2,0,0,0,2,2,0,0,2,0,1,1,0
3J2Y_1,L,1,0,2,0,0,0,0,1,1,0,1,2,2,0,0,1,0,1,1,0
3J42_1,H,0,0,2,0,0,0,1,1,1,0,0,1,2,1,2,2,0,0,0,0
3J7E_1,L,0,0,2,1,0,0,0,2,1,0,1,1,2,0,0,2,0,0,1,0
3KDM_1,L,0,0,2,0,0,0,2,2,0,1,0,2,2,0,0,2,0,0,0,0
3LRS_1,L,0,1,1,2,0,0,0,3,0,2,0,0,2,0,0,1,0,0,1,0
3LRS_3,L,0,1,1,2,0,0,0,3,0,2,0,0,2,0,0,1,0,0,1,0
3LS4_1,L,0,1,2,0,0,0,1,1,0,1,0,2,3,0,1,1,0,0,0,0
3MCK_1,L,0,0,2,0,0,0,0,3,0,1,0,2,2,0,0,2,0,1,0,0
3MCL_1,L,0,0,1,1,0,0,0,2,0,1,1,1,1,0,0,2,0,2,0,1
3MME_1,L,0,1,1,2,0,0,0,3,0,2,0,0,2,0,0,1,0,0,1,0
3MUG_1,L,0,1,1,2,0,0,0,3,0,2,0,0,2,0,0,1,0,0,1,0
3NZ8_1,L,0,0,2,1,0,0,0,2,0,0,0,1,2,0,0,2,1,1,1,0
3O2V_1,L,0,0,1,3,0,0,1,3,0,0,0,0,2,0,0,2,1,0,0,0
3OKD_1,L,0,0,2,0,0,0,0,2,0,2,0,3,2,0,0,2,0,0,0,0
3PIQ_1,L,0,0,2,1,0,0,1,2,1,1,0,1,2,0,0,1,0,0,1,0
3PIQ_2,L,0,0,2,1,0,0,1,2,1,1,0,1,2,0,0,1,0,0,1,0
3Q6F_1,L,0,0,2,1,0,0,1,2,1,1,0,1,2,0,0,1,0,0,1,0
3QCT_1,L,0,0,3,2,0,0,0,2,0,0,0,0,2,0,0,2,0,2,0,0
3QEH_1,L,0,0,2,0,0,0,1,2,0,0,0,3,2,0,0,2,0,0,1,0
3QQ9_1,L,0,0,2,0,0,0,0,3,0,1,0,2,2,0,0,2,0,1,0,0
3RA7_1,L,0,1,2,1,0,0,1,1,0,1,0,1,3,0,1,1,0,0,0,0
3S96_1,L,1,1,1,2,0,0,0,2,0,0,0,1,2,0,0,2,1,0,0,0
3U36_1,L,0,1,1,1,0,0,1,3,0,1,0,1,2,0,0,1,0,0,1,0
3U46_1,L,0,0,2,1,0,0,0,4,0,1,0,1,1,0,0,1,0,0,0,2
3UJT_1,L,0,0,2,1,0,0,0,2,0,0,1,1,2,0,0,2,0,1,1,0
3V0V_1,L,0,0,1,0,0,0,0,2,0,2,0,3,3,0,0,2,0,0,0,0
3WE6_1,L,0,0,2,2,0,0,0,2,0,0,0,1,2,0,0,2,0,1,1,0
43CA_1,L,0,0,2,1,0,0,1,2,0,0,0,1,2,0,0,2,0,2,0,0
4AT6_3,L,0,0,1,2,0,0,0,2,0,0,0,0,1,1,1,1,1,2,1,0
4C83_1,L,0,0,1,0,0,0,1,2,1,1,0,2,1,0,1,2,0,0,0,1
4D9L_1,L,0,0,2,0,0,0,1,2,1,0,0,2,2,0,0,2,0,0,1,0
4EVN_1,L,0,0,1,0,0,0,2,2,0,0,0,2,3,0,0,1,0,0,2,0
4F58_1,L,0,0,1,0,0,0,2,3,0,1,0,2,2,0,0,2,0,0,0,0
4FQC_1,H,0,0,2,0,0,0,1,2,0,2,0,3,1,1,0,0,0,1,0,0
4FQQ_1,L,0,0,2,0,0,0,0,2,0,1,0,3,2,0,0,1,0,1,1,0
4FQQ_2,L,0,0,2,0,0,0,0,2,0,1,0,3,2,0,0,1,0,1,1,0
4HDI_1,L,0,0,2,2,0,0,0,1,1,0,0,1,3,0,1,2,0,0,0,0
4HFW_1,L,0,0,2,0,0,0,1,2,0,0,0,3,2,0,0,1,0,0,1,1
4HIE_1,L,0,0,2,0,0,0,1,3,0,1,0,2,2,0,0,2,0,0,0,0
4IMK_1,L,0,0,2,0,0,0,1,2,0,0,0,3,2,0,0,2,0,0,1,0
4IML_1,L,0,0,2,0,0,0,1,2,0,0,0,3,2,0,0,2,0,0,1,0
4J1U_1,L,0,0,1,0,0,0,1,3,0,0,0,2,2,0,0,2,0,1,1,0
4JDV_1,L,0,0,2,0,0,0,1,2,0,0,0,3,2,0,0,2,0,0,1,0
4JN1_1,L,1,0,1,0,0,0,1,2,0,0,0,2,2,0,0,2,0,1,0,1
4JY6_1,L,0,0,1,1,0,0,0,2,0,1,0,2,3,0,0,1,0,1,1,0
4KPH_1,L,0,0,2,0,0,0,0,2,0,2,0,3,1,0,0,2,0,1,0,0
4LLW_1,L,0,0,2,0,0,0,0,2,1,0,0,2,2,0,0,1,0,1,0,2
4LLY_1,L,0,0,2,0,0,0,0,2,1,0,0,2,2,0,1,1,1,1,0,0
4M61_1,L,0,0,2,0,0,0,0,2,0,0,0,2,2,0,0,2,0,2,1,0
4M6M_1,L,0,0,2,0,0,0,0,2,0,2,1,2,2,0,0,2,0,0,0,0
4NCC_1,L,0,0,2,0,0,0,0,2,1,1,1,2,2,0,0,2,0,0,0,0
4NKM_1,L,0,0,2,0,0,0,0,3,0,1,0,2,2,0,0,2,0,1,0,0
4NKO_1,L,0,0,2,0,0,0,0,2,0,0,0,3,2,0,0,2,0,1,1,0
4NRZ_1,L,0,0,2,0,0,0,0,2,0,2,1,2,2,0,0,2,0,0,0,0
4NYL_1,L,0,0,2,0,0,0,2,2,0,1,0,2,2,0,0,2,0,0,0,0
4OAW_1,L,0,0,2,0,0,0,1,2,1,1,0,2,1,0,0,2,0,0,1,0
4OCX_1,L,0,0,2,1,0,0,1,2,0,1,0,1,2,1,0,2,0,0,0,0
4ODV_1,L,0,1,2,1,0,0,0,0,1,0,0,2,2,0,1,2,1,0,0,0
4ORG_3,L,0,0,2,0,0,0,1,3,0,0,0,2,2,0,0,2,0,0,1,0
4OTX_1,L,0,0,2,0,0,0,0,2,1,0,1,2,2,0,0,2,0,0,1,0
4OZ4_1,L,0,1,2,1,0,0,0,2,0,0,0,1,2,0,0,2,0,1,1,0
4PTT_1,L,0,0,1,0,0,0,1,3,0,1,0,2,3,2,0,0,0,0,0,0
4Q2Z_1,L,0,0,2,0,0,0,1,2,0,0,0,3,2,0,0,2,0,0,1,0
4QF1_1,L,0,0,2,0,0,0,2,2,0,2,0,2,1,0,0,2,0,0,0,0
4QHK_1,L,0,0,2,0,0,0,0,2,0,1,0,3,2,0,0,2,0,1,0,0
4QHK_3,L,0,0,2,0,0,0,0,2,0,1,0,3,2,0,0,2,0,1,0,0
4QHL_1,L,0,1,2,0,0,0,0,1,0,1,0,3,2,0,0,2,0,1,0,0
4QHM_1,L,0,3,1,0,0,0,0,1,0,1,0,3,2,0,0,1,0,1,0,0
4R7D_1,L,0,0,2,0,0,0,0,1,0,2,0,2,2,0,0,2,1,1,0,0
4R7N_1,L,0,0,2,0,0,0,0,1,0,2,0,2,2,0,0,2,1,1,0,0
4S1D_1,L,0,0,2,1,0,0,0,1,0,0,0,2,1,0,1,3,1,0,1,0
4S2S_1,L,0,0,2,1,0,0,1,1,1,1,0,1,2,0,1,2,0,0,0,0
4UIF_1,H,0,0,2,0,0,0,2,2,0,0,0,2,2,0,0,1,0,0,1,1
4UIK_1,L,0,2,1,1,0,0,0,1,0,0,1,1,1,0,0,2,1,1,1,0
4UIM_1,L,0,1,2,1,0,0,0,1,0,0,1,1,1,0,0,2,1,1,0,1
4YAQ_1,L,0,1,1,1,0,0,1,3,0,1,0,1,2,0,0,1,0,0,1,0
4YGV_1,L,0,0,2,0,0,0,0,2,0,0,0,3,2,0,0,2,0,1,1,0
5CGY_1,L,0,0,1,0,0,1,1,2,0,1,0,2,3,1,0,0,1,0,0,0
5CHN_1,L,0,0,2,1,0,0,1,2,0,0,0,2,2,0,0,3,0,0,0,0
5CP7_1,L,0,0,1,0,0,0,0,2,0,2,0,2,2,0,0,2,0,1,0,1
5D6C_1,L,0,0,2,0,0,0,1,2,0,1,1,2,2,0,0,2,0,0,0,0
5DK3_1,L,0,0,2,0,0,0,0,2,0,0,0,3,2,0,0,2,0,1,1,0
8FAB_1,L,0,0,1,0,0,1,0,4,0,1,0,2,2,0,0,2,0,0,0,0
